timestamp,price,market_cap,total_volume
2024-04-09 00:00:00,0.33871427231785023,0.33351552393137607,0.08958125388494265
2024-04-10 00:00:00,0.29153490267155635,0.2866949013947764,0.10087967860222607
2024-04-11 00:00:00,0.3177361175679376,0.3116932764751388,0.10720252161566221
2024-04-12 00:00:00,0.3096757488925732,0.30358465453174,0.07956485044006192
2024-04-13 00:00:00,0.2550523231764097,0.24789909377595132,0.12424749366638421
2024-04-14 00:00:00,0.20056819503325518,0.19804228422296388,0.1434629359137071
2024-04-15 00:00:00,0.22635968807552076,0.22051592937405573,0.11360991701143727
2024-04-16 00:00:00,0.18192535350126415,0.1767236125816236,0.12198768051643186
2024-04-17 00:00:00,0.1874733125500665,0.18226747779889507,0.11984802578772186
2024-04-18 00:00:00,0.1417087732716651,0.13738572618974243,0.11638873862823043
2024-04-19 00:00:00,0.18251896050772198,0.17830413841286563,0.09891593694076062
2024-04-20 00:00:00,0.1926076912558916,0.19157216630135476,0.15354594579347147
2024-04-21 00:00:00,0.20993680751348798,0.2056999164972062,0.03433571876751271
2024-04-22 00:00:00,0.2107405381925973,0.20745974774856069,0.04434170704517946
2024-04-23 00:00:00,0.24719838170999076,0.2434678648846056,0.07163457056364247
2024-04-24 00:00:00,0.23887990258749037,0.23360513333319544,0.056522112760575095
2024-04-25 00:00:00,0.19817037558519734,0.19372833116759658,0.08231323466192969
2024-04-26 00:00:00,0.20212501884923317,0.19744169088622443,0.06145139350804087
2024-04-27 00:00:00,0.18903914137508404,0.18407143652297164,0.05675576325789885
2024-04-28 00:00:00,0.18358396702043067,0.1782359653302854,0.042997770701720235
2024-04-29 00:00:00,0.17426851440991165,0.16976806405225364,0.032925191172685914
2024-04-30 00:00:00,0.18895015337350318,0.18563533478043936,0.06994274224391978
2024-05-01 00:00:00,0.1306211669437618,0.1282993964843333,0.11106750848138638
2024-05-02 00:00:00,0.08370286361327328,0.08379359910830475,0.14980357414262715
2024-05-03 00:00:00,0.0997307477561522,0.09638739955030462,0.07333081855215423
2024-05-04 00:00:00,0.17061185589763905,0.16889167702426255,0.0911864618665226
2024-05-05 00:00:00,0.18938591217117073,0.18601231313263722,0.047415143304037975
2024-05-06 00:00:00,0.19301317602777313,0.18805688968632528,0.03940135464825602
2024-05-07 00:00:00,0.1769866682797061,0.17333381806181913,0.0387390659586461
2024-05-08 00:00:00,0.16149793042680716,0.15877299188262506,0.0454560432104821
2024-05-09 00:00:00,0.1395389223625776,0.13423192557375674,0.04672321277049623
2024-05-10 00:00:00,0.17652968657454582,0.1699475876220129,0.06524051629673569
2024-05-11 00:00:00,0.13327611583520582,0.1298632541571585,0.059049428758889584
2024-05-12 00:00:00,0.13114739304418577,0.12765153509229088,0.01934085761403634
2024-05-13 00:00:00,0.14511787834807444,0.14133698592623078,0.022436316259313235
2024-05-14 00:00:00,0.17136660924290892,0.16809718400746632,0.07160737888193552
2024-05-15 00:00:00,0.1463054085976614,0.14299843375682464,0.05099982217510949
2024-05-16 00:00:00,0.23531239162921036,0.2338034840172427,0.10627807885147825
2024-05-17 00:00:00,0.2169492254466574,0.2137502725663436,0.07620542641836353
2024-05-18 00:00:00,0.2512447066628276,0.24557239838621792,0.06376843809443719
2024-05-19 00:00:00,0.24855607940653757,0.24623871256844398,0.022368695566011794
2024-05-20 00:00:00,0.23592844542046665,0.23156186086795127,0.00914214294097707
2024-05-21 00:00:00,0.3350041304704492,0.3296187683155263,0.0989890789419208
2024-05-22 00:00:00,0.3112672810084851,0.3064342240812643,0.11632748546444835
2024-05-23 00:00:00,0.2919665430816596,0.28707914882023533,0.08271322542553008
2024-05-24 00:00:00,0.26757383706287663,0.2620909192687628,0.11007232237955533
2024-05-25 00:00:00,0.2796952433036757,0.27601045210570785,0.07290218261830542
2024-05-26 00:00:00,0.29363601498338543,0.288787319269044,0.03208564611978181
2024-05-27 00:00:00,0.27910040934720914,0.2746463961641785,0.016406691598731628
2024-05-28 00:00:00,0.29552647123653,0.291619547238555,0.04230619778091196
2024-05-29 00:00:00,0.27542265686473244,0.272899968214666,0.0834449698480188
2024-05-30 00:00:00,0.26127443400769756,0.2576368411617449,0.06016428091069052
2024-05-31 00:00:00,0.27649150876294204,0.27155327318894606,0.06358969608110288
2024-06-01 00:00:00,0.25931666622571337,0.2575136269259475,0.044653525638363493
2024-06-02 00:00:00,0.26370580694241474,0.2594862672725833,0.01466772311051849
2024-06-03 00:00:00,0.26438876232961395,0.2616885699433118,0.03278149337466445
2024-06-04 00:00:00,0.2848307765705982,0.2805680513818485,0.07870737832803543
2024-06-05 00:00:00,0.31911619287747617,0.31471624412078225,0.08439170461370465
2024-06-06 00:00:00,0.330302583705117,0.32383458548185473,0.08773569035915643
2024-06-07 00:00:00,0.3221697796379852,0.31860539281908906,0.05779582570660904
2024-06-08 00:00:00,0.29472514659052673,0.29107464302457453,0.041013537331745745
2024-06-09 00:00:00,0.29452884952223224,0.2907838113908532,0.014548091737711516
2024-06-10 00:00:00,0.30101686858433196,0.29705032804341047,0.013787651408078722
2024-06-11 00:00:00,0.29793637535024997,0.29398267045275794,0.04348424708669927
2024-06-12 00:00:00,0.2565266617755324,0.2537082505224242,0.10765419243309482
2024-06-13 00:00:00,0.27365996688312855,0.2706809161148622,0.09933819377362846
2024-06-14 00:00:00,0.2444935804492121,0.24356709104168606,0.0780129965988211
2024-06-15 00:00:00,0.23130465984568205,0.2288800137574467,0.07236539418681612
2024-06-16 00:00:00,0.2347377366651724,0.23121737924096863,0.023865228325260522
2024-06-17 00:00:00,0.24287128882767006,0.2403693569731009,0.02111268861010654
2024-06-18 00:00:00,0.2399024375987142,0.23600531691986193,0.07719302330113098
2024-06-19 00:00:00,0.21404895301261218,0.20990466402941954,0.11727082033982933
2024-06-20 00:00:00,0.21017898484946573,0.20643265385117515,0.051330435803921874
2024-06-21 00:00:00,0.20898492579618289,0.2070287040151919,0.06578870875946807
2024-06-22 00:00:00,0.19419222218728294,0.19152446780594912,0.061414467515948694
2024-06-23 00:00:00,0.1974123294903336,0.1944956225801453,0.0
2024-06-24 00:00:00,0.1779219368541154,0.17697462211457005,0.014748759149651243
2024-06-25 00:00:00,0.12323032520310284,0.11979409330183866,0.11944442386732951
2024-06-26 00:00:00,0.15015740201177818,0.14776474200207423,0.04940593509829241
2024-06-27 00:00:00,0.1306292823463595,0.1287160310680855,0.05543899399050508
2024-06-28 00:00:00,0.1461816462785066,0.1438998493790382,0.041875653661006075
2024-06-29 00:00:00,0.12234745141746606,0.12037839952505691,0.060427706043268574
2024-06-30 00:00:00,0.13282119626336386,0.13024868019839153,0.017047036983019653
2024-07-01 00:00:00,0.16860364418674378,0.165859711273056,0.03691815772458126
2024-07-02 00:00:00,0.17023836021211558,0.16790893205179014,0.06435495670978153
2024-07-03 00:00:00,0.15536515164802256,0.15256019386440545,0.03935061030540344
2024-07-04 00:00:00,0.12096173067226212,0.11783655717615527,0.08033494715820622
2024-07-05 00:00:00,0.062493072354991686,0.0629816159421428,0.12304306157896519
2024-07-06 00:00:00,0.053895274872257426,0.05175197037011037,0.17982526512818214
2024-07-07 00:00:00,0.08241906418649458,0.07944776388487496,0.050036189449862635
2024-07-08 00:00:00,0.03744854922997609,0.0343358536560745,0.04641564521268939
2024-07-09 00:00:00,0.052465429522771556,0.05090696926806415,0.11803138578443906
2024-07-10 00:00:00,0.07778481563668338,0.07714830614045454,0.07386066603064809
2024-07-11 00:00:00,0.07234839557249129,0.07189215874692856,0.06574221340990971
2024-07-12 00:00:00,0.06630138880529546,0.0631311490525881,0.07648003846649709
2024-07-13 00:00:00,0.07608147730682169,0.07403235980877443,0.0641254347346977
2024-07-14 00:00:00,0.10006649505615872,0.09991181925801085,0.034883542400401604
2024-07-15 00:00:00,0.13431155688669327,0.1343677176084659,0.0500415663734668
2024-07-16 00:00:00,0.20880917222784712,0.20557069157158825,0.10530192113725023
2024-07-17 00:00:00,0.21506163142123103,0.2124184900449011,0.115689656955622
2024-07-18 00:00:00,0.19543008947450669,0.1941870174927376,0.09074405205756025
2024-07-19 00:00:00,0.19204798803808876,0.18978421248936894,0.0657037075541902
2024-07-20 00:00:00,0.24428752631739692,0.242588065130801,0.10257326733241301
2024-07-21 00:00:00,0.25417131815884475,0.25177142550706133,0.036850579035615096
2024-07-22 00:00:00,0.2710502724173631,0.26884882829582213,0.06939326270346177
2024-07-23 00:00:00,0.26185706817084364,0.2590540405621966,0.12319560727737636
2024-07-24 00:00:00,0.22999079182981896,0.22792821291085086,0.09958154857963686
2024-07-25 00:00:00,0.2196790069678538,0.2177745866609111,0.07475164424394815
2024-07-26 00:00:00,0.22630809057479206,0.2242222217773131,0.0986993665324872
2024-07-27 00:00:00,0.2678385029484387,0.2655480260603613,0.0819166031809957
2024-07-28 00:00:00,0.27042393727367875,0.26840729825339693,0.08243653837624493
2024-07-29 00:00:00,0.2739991966712281,0.2716648222736189,0.036254453066880264
2024-07-30 00:00:00,0.24583314134084433,0.2439725960271768,0.12109237712714743
2024-07-31 00:00:00,0.23528431430632635,0.23352299844080315,0.07546187799943893
2024-08-01 00:00:00,0.2058295621774735,0.20324817993276834,0.08386511190635831
2024-08-02 00:00:00,0.2187986681254146,0.2165291085576797,0.10898682848549171
2024-08-03 00:00:00,0.14320894863521993,0.14189363754287054,0.10929808570474356
2024-08-04 00:00:00,0.1304158971989673,0.12848111253808825,0.08882366722958507
2024-08-05 00:00:00,0.07812739998521279,0.0801029234559365,0.09143018202492242
2024-08-06 00:00:00,0.0006296677317170207,0.0,0.38114582035397643
2024-08-07 00:00:00,0.03896916534811634,0.03778008927073895,0.15485869039992392
2024-08-08 00:00:00,0.02251475126858682,0.022860607903992136,0.11800345200666135
2024-08-09 00:00:00,0.15185314688314144,0.14815854567809628,0.14341965946388185
2024-08-10 00:00:00,0.1337424821914761,0.12880777171465718,0.09189766559173862
2024-08-11 00:00:00,0.1332663924513593,0.13220484226984452,0.023685180862824874
2024-08-12 00:00:00,0.09339806599270051,0.09100517752905724,0.05144854031119792
2024-08-13 00:00:00,0.10384298607844666,0.10287589045750845,0.11063311996649372
2024-08-14 00:00:00,0.12778434931096938,0.1263916346447418,0.08571184075994126
2024-08-15 00:00:00,0.09215347987196965,0.09132616693739526,0.07274323801177754
2024-08-16 00:00:00,0.0708159219554958,0.06975953543697244,0.09084711428190342
2024-08-17 00:00:00,0.09488472798261216,0.09445126019221783,0.0804003528163755
2024-08-18 00:00:00,0.10538755229677887,0.10464148680919072,0.02050136798020137
2024-08-19 00:00:00,0.08639560531477009,0.08817666090385545,0.037863232749165796
2024-08-20 00:00:00,0.1081460150982243,0.10733801561335121,0.05919602888570382
2024-08-21 00:00:00,0.09829468064156632,0.09770767283618187,0.08408942024274904
2024-08-22 00:00:00,0.1381838152656707,0.13730270051284976,0.08907603473307271
2024-08-23 00:00:00,0.12369542601635009,0.12302242254092732,0.07304570131423202
2024-08-24 00:00:00,0.19377241470468687,0.19022847507692942,0.1294899795150441
2024-08-25 00:00:00,0.1958290029144487,0.19316883804367735,0.052496420937948964
2024-08-26 00:00:00,0.19790818443872404,0.1973486378786753,0.03859672013079364
2024-08-27 00:00:00,0.17220480258801496,0.1714702971076354,0.03866184492504637
2024-08-28 00:00:00,0.10722014503187371,0.10801274228126156,0.1063782440823468
2024-08-29 00:00:00,0.0974368405720254,0.09765315380348549,0.11938565343356042
2024-08-30 00:00:00,0.10387178803986274,0.10318529103978435,0.08774549676240337
2024-08-31 00:00:00,0.10013398401770579,0.09979153624568426,0.12614325140693414
2024-09-01 00:00:00,0.09638324448489,0.09595959645210272,0.016926493006387593
2024-09-02 00:00:00,0.06571820933550065,0.06588906019599228,0.06399540144166507
2024-09-03 00:00:00,0.09922478586455696,0.09994899669648016,0.07251861313754601
2024-09-04 00:00:00,0.06852773015578473,0.06997171935631563,0.06856077618995401
2024-09-05 00:00:00,0.0777760611823759,0.0773302908254736,0.10443296367000734
2024-09-06 00:00:00,0.04227125784899477,0.0427940209902582,0.07918748465152414
2024-09-07 00:00:00,0.0,0.0005532292061654065,0.146964142715337
2024-09-08 00:00:00,0.004354900929727457,0.003925392176300724,0.035830174404793684
2024-09-09 00:00:00,0.01662973709288318,0.019793792366729512,0.041171904801643136
2024-09-10 00:00:00,0.05981304226170003,0.05981325632531154,0.098092116114609
2024-09-11 00:00:00,0.07081678027543914,0.07051932109402759,0.07808432144292637
2024-09-12 00:00:00,0.06617838513436092,0.0670085746593172,0.10515329881160596
2024-09-13 00:00:00,0.08005519946658013,0.08069669642118793,0.09314796243046869
2024-09-14 00:00:00,0.12815566026896996,0.1283557454565012,0.0855919294625849
2024-09-15 00:00:00,0.11634277672178484,0.11621334587450294,0.03165306796980343
2024-09-16 00:00:00,0.10125448699747785,0.10117249117845595,0.03663709849253771
2024-09-17 00:00:00,0.08204858317585106,0.082655964197478,0.08651824809416736
2024-09-18 00:00:00,0.12234620760994908,0.12254949500442347,0.09319250046656391
2024-09-19 00:00:00,0.1438426516636997,0.14187798044374844,0.11411996488186185
2024-09-20 00:00:00,0.17304567349351285,0.17280631345986097,0.11918518868829533
2024-09-21 00:00:00,0.17613979298952898,0.175320833395596,0.09786595245810034
2024-09-22 00:00:00,0.18140545893520765,0.18268603144703066,0.022076225737316275
2024-09-23 00:00:00,0.18483448798359392,0.18441896401912317,0.04687557784498884
2024-09-24 00:00:00,0.17994396944824476,0.1797805379941051,0.05908733757439646
2024-09-25 00:00:00,0.1992156452014644,0.19917589916476497,0.08415724194007357
2024-09-26 00:00:00,0.17659282705653734,0.17459215090111435,0.06607678752239701
2024-09-27 00:00:00,0.2144594866434626,0.2145925998546514,0.1059226355866657
2024-09-28 00:00:00,0.22709338304962046,0.2267161674646634,0.08808541177953919
2024-09-29 00:00:00,0.22983176869916688,0.23010452630727563,0.030123169726430234
2024-09-30 00:00:00,0.22465719886301527,0.2248985205344176,0.022111777783922933
2024-10-01 00:00:00,0.1783413476790603,0.17831561952349606,0.09631539551523816
2024-10-02 00:00:00,0.13297859308625015,0.1332747233003566,0.16031757779703423
2024-10-03 00:00:00,0.12882410778519482,0.12914723264010064,0.1188895571906865
2024-10-04 00:00:00,0.1302076842939699,0.13092290777272342,0.10497088514740488
2024-10-05 00:00:00,0.15652180550113481,0.15619202413492173,0.08033617657718703
2024-10-06 00:00:00,0.15630982454233644,0.15628708365084476,0.015910487182477936
2024-10-07 00:00:00,0.17008484484789577,0.17083934896247044,0.027611914731156838
2024-10-08 00:00:00,0.1600500026184697,0.16046742180372542,0.0921475142112152
2024-10-09 00:00:00,0.15809512566756068,0.15914033686800577,0.07457197543778316
2024-10-10 00:00:00,0.12770641572993524,0.12826318114448543,0.07425181076878029
2024-10-11 00:00:00,0.12001452273488611,0.12049600733089494,0.07743475971119079
2024-10-12 00:00:00,0.16205828095126185,0.16265472573735962,0.08588946555653096
2024-10-13 00:00:00,0.1776619472999048,0.17775994895533587,0.03789648049272381
2024-10-14 00:00:00,0.17042419306460976,0.1702674356900502,0.034947137502561385
2024-10-15 00:00:00,0.23204934073847117,0.2328734876626164,0.13455985138677656
2024-10-16 00:00:00,0.24950522585318136,0.24995204822051176,0.15210758312443243
2024-10-17 00:00:00,0.2626192496018125,0.26301499108122184,0.11477298838035457
2024-10-18 00:00:00,0.25650662580845607,0.25633699741980687,0.09426629138778975
2024-10-19 00:00:00,0.2782735278395496,0.2786920793405159,0.11257944945490914
2024-10-20 00:00:00,0.27680491779676486,0.27714782070435695,0.02600062582255027
2024-10-21 00:00:00,0.2877878910830691,0.2872269222878039,0.03651752636687975
2024-10-22 00:00:00,0.257783968270064,0.25820921287171905,0.11425433563289117
2024-10-23 00:00:00,0.256945645259,0.2573402695449314,0.08384740530864643
2024-10-24 00:00:00,0.2441807360101662,0.2446523259765152,0.08812556901807
2024-10-25 00:00:00,0.27345966363698593,0.27323348368359546,0.09888578267825784
2024-10-26 00:00:00,0.24229966414115456,0.24049071956102264,0.1408276437479712
2024-10-27 00:00:00,0.25057576298101614,0.2513206748696828,0.04961977335637104
2024-10-28 00:00:00,0.26818787214476214,0.26885250432847974,0.03410669116860008
2024-10-29 00:00:00,0.304674501334411,0.30508200575964484,0.11929045784003597
2024-10-30 00:00:00,0.3608526764226645,0.36150104068562294,0.19791603775041863
2024-10-31 00:00:00,0.3524619232272548,0.3535599929819764,0.12433514500318288
2024-11-01 00:00:00,0.3127055348901644,0.31408134719435976,0.1323958149081976
2024-11-02 00:00:00,0.2982185274859044,0.2991079085787003,0.16236410335860085
2024-11-03 00:00:00,0.2942237577141793,0.2950813698668644,0.028003271460854663
2024-11-04 00:00:00,0.2847391668180388,0.28715001864450285,0.10479787874462793
2024-11-05 00:00:00,0.26540831965842626,0.26580344090791064,0.13331947881046063
2024-11-06 00:00:00,0.2949177098970641,0.2955128861131362,0.11271351333419088
2024-11-07 00:00:00,0.41519316266152106,0.4166135583565367,0.4087401546987778
2024-11-08 00:00:00,0.4222035637378767,0.42262674719716187,0.20160556322981424
2024-11-09 00:00:00,0.4329726348261622,0.4336603328582598,0.14839178891173438
2024-11-10 00:00:00,0.43450739654520043,0.43889478062852216,0.08395620941209778
2024-11-11 00:00:00,0.5079205692365738,0.5078079613436202,0.29155953652843347
2024-11-12 00:00:00,0.664271094620372,0.6678607780388972,0.4270345286336866
2024-11-13 00:00:00,0.6571369912423666,0.6528893389670092,0.4885938945833101
2024-11-14 00:00:00,0.6996847897976259,0.700801510316952,0.43401631107835537
2024-11-15 00:00:00,0.6407361997004903,0.6390676052454427,0.3122263226743169
2024-11-16 00:00:00,0.7084847298884838,0.7090453181649141,0.2611407795781032
2024-11-17 00:00:00,0.7019495688595159,0.7004906274624731,0.14359910104528206
2024-11-18 00:00:00,0.6873112348180919,0.6874287337326552,0.14125982819736418
2024-11-19 00:00:00,0.7005750599467915,0.7009751577152097,0.23774855818823318
2024-11-20 00:00:00,0.7334312518049018,0.7340701523898663,0.24812671606612977
2024-11-21 00:00:00,0.7710395943923665,0.7702020736276385,0.24897676546085853
2024-11-22 00:00:00,0.853171018495086,0.8529117599138909,0.37417870804563286
2024-11-23 00:00:00,0.8611768607333778,0.8623798081660727,0.26570390360990465
2024-11-24 00:00:00,0.8372951565682578,0.8364704657804043,0.13743890290508268
2024-11-25 00:00:00,0.8437337122347317,0.8443786673097176,0.14831888226007667
2024-11-26 00:00:00,0.7478412145409274,0.7471943082697237,0.27818557905146085
2024-11-27 00:00:00,0.727311303766923,0.7290448221558175,0.30466348588039865
2024-11-28 00:00:00,0.8047976514309698,0.8054134949638991,0.2513929661536395
2024-11-29 00:00:00,0.7986822389003441,0.7988570156381363,0.1429725576755304
2024-11-30 00:00:00,0.832966390466592,0.8321937604270997,0.22864133367060743
2024-12-01 00:00:00,0.8149770078897138,0.8159703337347537,0.12460911338907354
2024-12-02 00:00:00,0.8302579483350458,0.8312112145025994,0.14323943220145086
2024-12-03 00:00:00,0.8019647483901986,0.8029884179398961,0.3168121358545399
2024-12-04 00:00:00,0.8057630453469469,0.807183727395195,0.27303058565589094
2024-12-05 00:00:00,0.8602961398161508,0.8615931167999702,0.30747943182592996
2024-12-06 00:00:00,0.8281490852046134,0.8263201597909902,0.6160943222716064
2024-12-07 00:00:00,0.8811994204755502,0.8819783128009928,0.36631114473188114
2024-12-08 00:00:00,0.8775249920911368,0.8784534150813252,0.1831037632239371
2024-12-09 00:00:00,0.9053392447275632,0.9059698320400742,0.18851326456337514
2024-12-10 00:00:00,0.8310662285123516,0.8314422314496657,0.47015664674526275
2024-12-11 00:00:00,0.8175903841977976,0.8189565677668562,0.3998508845355756
2024-12-12 00:00:00,0.9032007834616982,0.9045288042423261,0.3752531805744368
2024-12-13 00:00:00,0.881715253543303,0.8827277067721799,0.3137075062661747
2024-12-14 00:00:00,0.907575381606212,0.9080621060664378,0.24247059222396747
2024-12-15 00:00:00,0.9078582221954101,0.9102251621506694,0.17059175581566763
2024-12-16 00:00:00,0.9720480943667202,0.9757255548526615,0.2151731749726492
2024-12-17 00:00:00,0.9979308859412628,0.9969397205166548,0.36421010873792425
2024-12-18 00:00:00,0.9971808922132195,1.0000000000000002,0.2913744939052902
2024-12-19 00:00:00,0.8885039137285546,0.8886352495328573,0.3592152528045514
2024-12-20 00:00:00,0.8405843574082712,0.8420380674903867,0.31544587619571085
2024-12-21 00:00:00,0.8375242181236087,0.8375495682378757,0.3546940461032289
2024-12-22 00:00:00,0.8281744321768589,0.828275903489551,0.15632525237854192
2024-12-23 00:00:00,0.787826246543545,0.791423975412128,0.12808576708377115
2024-12-24 00:00:00,0.7792274574405638,0.7820720474949798,0.19607567631440623
2024-12-25 00:00:00,0.8567416157652239,0.8557012913451523,0.14331104291375998
2024-12-26 00:00:00,0.8691651532966873,0.8704804432928945,0.09243151540201802
2024-12-27 00:00:00,0.799002117306628,0.8012189962179166,0.12952570524582882
2024-12-28 00:00:00,0.7732387416497992,0.7751164248576663,0.11764414748981042
2024-12-29 00:00:00,0.7895550532657285,0.7923483408795859,0.053837219593416315
2024-12-30 00:00:00,0.7604466622593766,0.7627232202265879,0.059309745930887385
2024-12-31 00:00:00,0.7406191157363544,0.7417870767147066,0.17150605879537384
2025-01-01 00:00:00,0.7574693927481757,0.7597952182773344,0.13045634828639519
2025-01-02 00:00:00,0.7742381668986238,0.7765497618175297,0.05666525155209267
2025-01-03 00:00:00,0.8214640290575275,0.8235805405641394,0.12988707808800892
2025-01-04 00:00:00,0.8450427196786923,0.84765008867921,0.09831372072056688
2025-01-05 00:00:00,0.8483416034923397,0.8512961517203703,0.04898255577647192
2025-01-06 00:00:00,0.850405380902703,0.8529651919465182,0.045908297479430184
2025-01-07 00:00:00,0.9243603721583666,0.9268111571579751,0.13307947981826782
2025-01-08 00:00:00,0.8233766619735381,0.8247663304882096,0.18159504881584507
2025-01-09 00:00:00,0.7863421057108864,0.7921135356898008,0.1989288803136312
2025-01-10 00:00:00,0.7358159828666082,0.7415413015585368,0.19913102777783434
2025-01-11 00:00:00,0.7809824871352027,0.7839294466784543,0.19104259816836947
2025-01-12 00:00:00,0.7775940664983498,0.7814669420457003,0.03846686568878958
2025-01-13 00:00:00,0.7755890335846798,0.7776326226594645,0.04439796959696162
2025-01-14 00:00:00,0.7756192385620881,0.7779169462033058,0.23419026962766795
2025-01-15 00:00:00,0.816143036327033,0.8184618048892098,0.15024643219846692
2025-01-16 00:00:00,0.8876921139102283,0.8901284778982852,0.17164711826762047
2025-01-17 00:00:00,0.882552831804023,0.884436246665649,0.14659367552277722
2025-01-18 00:00:00,0.9613167521405956,0.9644938329759214,0.21012061441108856
2025-01-19 00:00:00,0.9646448404968802,0.967676609489883,0.1441387477929798
2025-01-20 00:00:00,0.906104003655958,0.9171732538680661,0.22295380184076305
2025-01-21 00:00:00,0.9154721999685649,0.9200641888594172,0.38085320107797743
2025-01-22 00:00:00,1.0,0.9982612936390962,0.2978207541304805
2025-01-23 00:00:00,0.9519947291111928,0.9552579296128083,0.16292484431062657
2025-01-24 00:00:00,0.9595355491850572,0.9630514790847375,0.3216151032292899
2025-01-25 00:00:00,0.9742236292409143,0.9763713767373032,0.15083889741995665
2025-01-26 00:00:00,0.9734744406313287,0.9778110196215513,0.05487752152394796
2025-01-27 00:00:00,0.9305383500737294,0.9379131888679297,0.047847480563272905
2025-01-28 00:00:00,0.9191760859516311,0.9214723336344697,0.2906176507014331
2025-01-29 00:00:00,0.9068268568117808,0.909670790646512,0.13197236687514716
2025-01-30 00:00:00,0.9528643287302738,0.9574716971435053,0.13747638472202894
2025-01-31 00:00:00,0.9731964540542184,0.9769539864128076,0.11973225324494507
2025-02-01 00:00:00,0.9272880958915788,0.9303631606306708,0.1032197742171117
2025-02-02 00:00:00,0.8946121861018983,0.8993897530237942,0.055168741887604185
2025-02-03 00:00:00,0.8351682972732897,0.8388222145043736,0.17883104255952223
2025-02-04 00:00:00,0.9097689026159379,0.9135802368720085,0.387563748752178
2025-02-05 00:00:00,0.8456951719198087,0.8483263793252187,0.22371130392772706
2025-02-06 00:00:00,0.8163116036801601,0.8184437462845824,0.14223983820701844
2025-02-07 00:00:00,0.8173168285035477,0.8208662900720656,0.1275609660279164
2025-02-08 00:00:00,0.8158441133858378,0.8171999484625716,0.1697746146457335
2025-02-09 00:00:00,0.8158399287448197,0.8200148023175662,0.048252474142693576
2025-02-10 00:00:00,0.8156550994663514,0.8189111844318566,0.06396691122381004
2025-02-11 00:00:00,0.8319471238740224,0.8359754707337046,0.10277529736282068
2025-02-12 00:00:00,0.8001821067036683,0.8051240619921542,0.1007662273625978
2025-02-13 00:00:00,0.8402941634875958,0.8418644959208472,0.1364397992213124
2025-02-14 00:00:00,0.8159054941385109,0.8201145010502668,0.07610432573476589
2025-02-15 00:00:00,0.8336406134844223,0.8368578302693794,0.08683056565117556
2025-02-16 00:00:00,0.835199586960969,0.8394178644116177,0.026350038371930604
2025-02-17 00:00:00,0.8080156285562301,0.811132644617887,0.02440753665131639
2025-02-18 00:00:00,0.8008744266929919,0.805325720362086,0.0635227635207963
2025-02-19 00:00:00,0.7955114012755033,0.7992473667138826,0.10697856469664097
2025-02-20 00:00:00,0.8157755174452974,0.8201365356876236,0.07148277584792817
2025-02-21 00:00:00,0.8507828845181065,0.8549311351484647,0.05967764799159029
2025-02-22 00:00:00,0.8077440375543778,0.8121425259268511,0.12091981314882877
2025-02-23 00:00:00,0.8159531442942367,0.8210271168073424,0.040568230079226004
2025-02-24 00:00:00,0.8114239418235618,0.8155868985643213,0.03447362677148058
2025-02-25 00:00:00,0.7170725865125227,0.7234317042950356,0.13116653417727875
2025-02-26 00:00:00,0.6665357686980042,0.6708834045376184,0.3024992353565597
2025-02-27 00:00:00,0.5736203770070698,0.5787412352957422,0.21059681699444213
2025-02-28 00:00:00,0.5891015699114708,0.5934556932632689,1.0
2025-03-01 00:00:00,0.5839877299068921,0.5888204766959158,0.24880264823207496
2025-03-02 00:00:00,0.6139033165377785,0.6185669739486555,0.08129122105128489
2025-03-03 00:00:00,0.7718913265465592,0.7757082253187702,0.18577392146500998
2025-03-04 00:00:00,0.6161892034299166,0.6211109140400424,0.20871604617405795
2025-03-05 00:00:00,0.6388856543959327,0.6435515738531123,0.1991727715038852
2025-03-06 00:00:00,0.7019041429235124,0.7075301285753424,0.15146749571493895
2025-03-07 00:00:00,0.6903715555243182,0.6931240133999299,0.13791258199451809
2025-03-08 00:00:00,0.628600907996228,0.6329265832541544,0.19031576209137288
2025-03-09 00:00:00,0.6165387932254391,0.6215034407142337,0.04172247275118813
2025-03-10 00:00:00,0.5133631348026988,0.5186478603860976,0.08590534946701539
2025-03-11 00:00:00,0.47571980362224076,0.4814506735790971,0.14603684158380795
2025-03-12 00:00:00,0.5525520548176943,0.5581593139417815,0.16752177731664208
2025-03-13 00:00:00,0.5733167123142353,0.5769914763687329,0.1185932709868237
2025-03-14 00:00:00,0.5200177279863285,0.5248304681097935,0.08781328564997193
2025-03-15 00:00:00,0.5749903679909167,0.5801031633408886,0.07438811946746737
2025-03-16 00:00:00,0.5830269296264465,0.5882593872923936,0.0147940166475262
2025-03-17 00:00:00,0.5489451936831429,0.5539833019494622,0.051187663940912016
2025-03-18 00:00:00,0.5769738861009719,0.5821052742546353,0.044566728769890214
2025-03-19 00:00:00,0.5521869964378825,0.5577546321706979,0.0609569135412533
2025-03-20 00:00:00,0.6294066106554057,0.6340158581383366,0.09212188544021116
2025-03-21 00:00:00,0.5807144559345356,0.5866927912904452,0.07106753440692967
2025-03-22 00:00:00,0.575714144632556,0.5810914407531056,0.039318737690331174
2025-03-23 00:00:00,0.5715765823089654,0.5770607069574536,0.004786778595615056
2025-03-24 00:00:00,0.6097404423078094,0.6151351269716434,0.02100379554997875
2025-03-25 00:00:00,0.6392095110434179,0.6447812868149769,0.07003612070245968
2025-03-26 00:00:00,0.6428998736381886,0.64734287549242,0.0803454558328261
2025-03-27 00:00:00,0.6321891894711553,0.6371916921590663,0.06418698823186664
2025-03-28 00:00:00,0.6372871943959253,0.6418989587471833,0.061167303818155015
2025-03-29 00:00:00,0.5824103507603442,0.5873030737709086,0.08477126817201838
2025-03-30 00:00:00,0.5502570290971549,0.5559078668117843,0.03512410410781526
2025-03-31 00:00:00,0.5440802522961456,0.5494688044549418,0.023718829928944023
2025-04-01 00:00:00,0.5470981612142058,0.5505118036769181,0.0802595123597444
2025-04-02 00:00:00,0.5992135895267294,0.6041212148300206,0.07640055457793987
2025-04-03 00:00:00,0.5473340732448013,0.5527152349559372,0.13382071604135418
2025-04-04 00:00:00,0.5595342086586941,0.5673699228523943,0.10123431323041868
2025-04-05 00:00:00,0.5726998193793644,0.5786639232415651,0.09806491165728148
2025-04-06 00:00:00,0.5677987930132442,0.570732583553863,0.028675917909693566
2025-04-07 00:00:00,0.4647655506881727,0.47351250094676955,0.09971486348152336
2025-04-08 00:00:00,0.4832850572761249,0.4986947706930207,0.256212761053555
2025-04-08 13:31:26,0.5014552252559996,0.5074132760823444,0.19973342412578435
