,open,high,low,close,volume
2007-07-20,70.25,71.7,69.35,70.8,19761
2007-07-27,71.0,71.7,65.29,65.29,19781
2007-08-03,66.8,68.0,65.5,65.5,15959
2007-08-10,65.5,68.6,63.5,63.5,12089
2007-08-17,64.05,64.05,52.85,55.96,100938
2007-08-24,58.35,68.4,58.35,68.4,33414
2007-08-31,68.55,68.55,64.8,67.4,15418
2007-09-07,68.4,68.4,65.35,65.35,11997
2007-09-14,63.2,67.55,63.2,67.4,12199
2007-09-21,66.45,75.9,66.45,75.85,28070
2007-09-28,75.75,80.25,75.75,78.7,26072
2007-10-05,78.25,83.75,78.1,83.75,79366
2007-10-12,83.6,87.4,83.6,86.5,38209
2007-10-19,86.75,87.3,82.55,84.7,24059
2007-10-26,82.65,90.0,82.65,90.0,20394
2007-11-02,89.6,90.45,88.0,88.0,23788
2007-11-09,86.4,105.25,86.4,102.6,39573
2007-11-16,101.4,102.15,92.0,92.0,10555
2007-11-23,81.15,87.45,81.15,87.0,41659
2007-11-30,89.2,96.1,87.25,95.75,17063
2007-12-07,98.5,101.55,97.5,101.5,24858
2007-12-14,102.15,103.05,98.0,98.0,33088
2007-12-21,93.0,99.9,93.0,99.8,20470
2007-12-28,99.8,109.25,99.8,108.4,25053
2008-01-04,108.45,110.25,105.6,105.6,16938
2008-01-11,101.9,104.5,93.6,93.6,62482
2008-01-18,97.0,97.25,83.85,85.1,34211
2008-01-25,82.1,95.4,82.1,93.5,22373
2008-02-01,94.5,98.75,94.5,98.75,21220
2008-02-08,105.6,106.5,97.85,97.85,23097
2008-02-15,98.25,106.05,98.25,101.5,32230
2008-02-22,102.5,106.05,102.5,106.05,11679
2008-02-29,106.75,110.55,104.3,104.3,11691
2008-03-07,104.3,105.9,104.3,104.3,0
2008-03-14,104.3,105.9,104.3,104.3,0
2008-03-20,104.3,105.9,104.3,104.3,0
2008-03-28,104.3,105.9,104.3,104.3,0
2008-04-04,104.3,105.9,104.3,104.3,0
2008-04-11,104.3,105.9,104.3,104.3,0
2008-04-18,104.3,105.9,104.3,104.3,0
2008-04-25,104.3,105.9,104.3,104.3,0
2008-05-02,104.3,105.9,104.3,104.3,0
2008-05-09,104.3,105.9,104.3,104.3,0
2008-05-16,104.3,105.9,104.3,104.3,0
2008-05-23,104.3,105.9,104.3,104.3,0
2008-05-30,104.3,105.9,104.3,104.3,0
2008-06-06,104.3,105.9,104.3,104.3,0
2008-06-13,104.3,105.9,104.3,104.3,0
2008-06-20,104.3,105.9,104.3,104.3,0
2008-06-27,104.3,105.9,104.3,104.3,0
2008-07-03,104.3,105.9,104.3,104.3,0
2008-07-11,104.3,105.9,104.3,104.3,0
2008-07-18,104.3,105.9,104.3,104.3,0
2008-07-25,104.3,105.9,104.3,104.3,0
2008-08-01,104.3,105.9,104.3,104.3,0
2008-08-08,104.3,105.9,104.3,104.3,0
2008-08-15,104.3,105.9,104.3,104.3,0
2008-08-22,104.3,105.9,104.3,104.3,0
2008-08-29,104.3,105.9,104.3,104.3,0
2008-09-05,104.3,105.9,104.3,104.3,0
2008-09-12,104.3,105.9,104.3,104.3,0
2008-09-19,104.3,105.9,104.3,104.3,0
2008-09-26,104.3,105.9,104.3,104.3,0
2008-10-03,104.3,105.9,104.3,104.3,0
2008-10-10,104.3,105.9,104.3,104.3,0
2008-10-17,104.3,105.9,104.3,104.3,0
2008-10-24,104.3,105.9,104.3,104.3,0
2008-10-31,33.0,45.0,31.82,43.0,103821
2008-11-07,44.0,57.0,40.95,41.75,154632
2008-11-14,48.7,49.3,40.15,42.15,80010
2008-11-21,43.35,44.45,32.9,37.0,69174
2008-11-28,40.65,49.8,40.45,45.25,51564
2008-12-05,43.14,47.75,41.3,47.5,52159
2008-12-12,49.6,51.0,47.85,49.3,60955
2008-12-19,50.0,56.95,49.4,55.0,60828
2008-12-26,54.4,58.3,53.25,57.0,863928
2009-01-02,58.45,62.45,56.25,61.95,25833
2009-01-09,64.7,65.95,59.9,62.5,52326
2009-01-16,61.9,61.9,51.25,56.95,43248
2009-01-23,51.5,54.4,49.65,52.0,57810
2009-01-30,52.05,54.15,48.35,49.85,23647
2009-02-06,46.3,50.5,45.95,50.5,32459
2009-02-13,53.3,53.85,46.54,52.15,42951
2009-02-20,51.69,52.5,48.54,50.25,21106
2009-02-27,49.18,49.18,42.87,44.85,29518
2009-03-06,42.05,44.0,37.4,37.9,69508
2009-03-13,37.0,43.55,37.0,43.0,30716
2009-03-20,43.0,47.0,40.75,44.5,49508
2009-03-27,43.0,45.5,42.55,45.25,36489
2009-04-03,43.55,55.0,42.05,53.75,53026
2009-04-09,53.4,54.15,48.9,50.05,26024
2009-04-17,52.0,57.55,50.0,57.0,28634
2009-04-24,53.1,59.0,49.32,57.95,38357
2009-05-01,56.8,69.55,56.4,69.55,67400
2009-05-08,73.45,77.7,71.36,77.25,55303
2009-05-15,74.7,77.6,68.35,72.25,51525
2009-05-22,73.3,79.5,73.3,77.62,25161
2009-05-29,73.1,76.85,72.15,72.25,20155
2009-06-05,73.3,76.2,70.35,72.3,26044
2009-06-12,69.4,76.1,68.95,73.35,29951
2009-06-19,74.63,74.63,68.25,71.05,18476
2009-06-26,67.2,74.65,65.0,70.45,34618
2009-07-02,71.35,73.5,70.45,71.45,13305
2009-07-10,67.24,70.5,66.0,69.25,17656
2009-07-17,69.0,73.7,68.0,73.7,26829
2009-07-24,74.4,75.0,70.45,74.0,18612
2009-07-31,73.75,74.13,64.41,71.5,50426
2009-08-07,70.18,72.07,68.35,71.09,15274
2009-08-14,71.95,76.5,71.3,75.4,38829
2009-08-21,73.35,75.45,71.0,73.4,29825
2009-08-28,73.16,76.55,71.55,73.1,23512
2009-09-04,71.05,75.7,70.3378,74.75,15535
2009-09-11,76.19,78.85,74.8,75.4,17551
2009-09-18,74.94,76.2,73.0,73.25,9590
2009-09-25,72.35,74.25,69.5,70.4,23678
2009-10-02,71.5,73.1,67.1,68.45,17870
2009-10-09,67.77,69.6,64.15,64.72,37498
2009-10-16,63.76,68.19,62.75,68.1,35388
2009-10-23,67.2,69.85,66.05,68.3,27910
2009-10-30,67.99,72.9,66.0,70.0,39496
2009-11-06,69.97,75.55,68.85,75.55,36102
2009-11-13,77.4,78.05,73.09,73.65,15122
2009-11-20,75.59,76.05,71.75,72.35,18706
2009-11-27,73.79,74.95,69.69,70.7,8359
2009-12-04,70.15,71.9,69.5,70.05,31323
2009-12-11,69.05,70.15,61.35,63.8,42505
2009-12-18,63.3,63.6,58.5,58.75,57160
2009-12-24,58.1,58.35,57.03,57.9,50370
2009-12-31,58.7,61.38,57.8,61.0,311210
2010-01-08,63.35,64.0,60.87,61.5,45983
2010-01-15,63.65,65.18,61.75,63.05,13233
2010-01-22,64.3,64.66,55.0,55.0,2624398
2010-01-29,64.3,64.66,51.15,52.25,3481169
2010-02-05,64.3,64.66,49.3,50.45,3755780
2010-02-12,64.3,64.66,48.97,49.85,4055388
2010-02-19,64.3,64.66,48.97,52.7,3393678
2010-02-26,64.3,64.66,48.75,49.3,4368698
2010-03-05,64.3,64.66,48.2,50.15,4689732
2010-03-12,64.3,64.66,48.2,50.3,4891967
2010-03-19,64.3,64.66,48.15,51.36,5105343
2010-03-26,64.3,64.66,48.15,53.4,5210421
2010-04-01,64.3,64.66,48.15,55.0,4287760
2010-04-09,64.3,64.66,48.15,59.1,5465784
2010-04-16,64.3,64.66,48.15,60.5,5560708
2010-04-23,64.3,64.66,48.15,61.36,5632128
2010-04-30,64.3,64.66,48.15,60.85,5780990
2010-05-07,64.3,64.66,48.15,50.2,5944861
2010-05-14,64.3,64.66,48.15,52.9,6145653
2010-05-21,64.3,64.66,48.15,49.9,3746970
2010-05-28,64.3,64.66,48.15,49.9,0
2010-06-04,64.3,64.66,48.15,49.9,0
2010-06-11,64.3,64.66,48.15,49.9,0
2010-06-18,64.3,64.66,48.15,49.9,0
2010-06-25,64.3,64.66,48.15,49.9,0
2010-07-02,64.3,64.66,48.15,49.9,0
2010-07-09,64.3,64.66,48.15,49.9,0
2010-07-16,64.3,64.66,48.15,49.9,0
2010-07-23,64.3,64.66,48.15,49.9,0
2010-07-30,64.3,64.66,48.15,49.9,0
2010-08-06,64.3,64.66,48.15,49.9,0
2010-08-13,64.3,64.66,48.15,49.9,0
2010-08-20,64.3,64.66,48.15,49.9,0
2010-08-27,64.3,64.66,48.15,49.9,0
2010-09-03,64.3,64.66,48.15,49.9,0
2010-09-10,64.3,64.66,48.15,49.9,0
2010-09-17,64.3,64.66,48.15,49.9,0
2010-09-24,64.3,64.66,48.15,49.9,0
2010-10-01,64.3,64.66,48.15,49.9,0
2010-10-08,64.3,64.66,48.15,49.9,0
2010-10-15,64.3,64.66,48.15,49.9,0
2010-10-22,64.3,64.66,48.15,49.9,0
2010-10-29,64.3,64.66,48.15,49.9,0
2010-11-05,64.3,64.66,48.15,49.9,0
2010-11-12,64.3,64.66,48.15,49.9,0
2010-11-19,64.3,64.66,48.15,49.9,0
2010-11-26,64.3,64.66,48.15,49.9,0
2010-12-03,64.3,64.66,48.15,49.9,0
2010-12-10,64.3,64.66,48.15,49.9,0
2010-12-17,64.3,64.66,48.15,49.9,0
2010-12-23,64.3,64.66,48.15,49.9,0
2010-12-31,64.3,64.66,48.15,49.9,0
2011-01-07,64.3,64.66,48.15,49.9,0
2011-01-14,64.3,64.66,48.15,49.9,0
2011-01-21,64.3,64.66,48.15,49.9,0
2011-01-28,64.3,64.66,48.15,49.9,0
2011-02-04,64.3,64.66,48.15,49.9,0
2011-02-11,64.3,64.66,48.15,49.9,0
2011-02-18,64.3,64.66,48.15,49.9,0
2011-02-25,64.3,64.66,48.15,49.9,0
2011-03-04,64.3,64.66,48.15,49.9,0
2011-03-11,64.3,64.66,48.15,49.9,0
2011-03-18,64.3,64.66,48.15,49.9,0
2011-03-25,64.3,64.66,48.15,49.9,0
2011-04-01,64.3,64.66,48.15,49.9,0
2011-04-08,64.3,64.66,38.26,38.75,18759
2011-04-15,39.29,39.4,36.56,36.65,17668
2011-04-21,35.0,35.46,34.65,34.95,27963
2011-04-29,34.7,35.75,34.62,35.69,19887
2011-05-06,35.87,35.87,29.35,30.01,31789
2011-05-13,30.01,30.59,29.04,29.55,22732
2011-05-20,29.55,32.25,29.5,31.94,22135
2011-05-27,30.4,30.4,27.4,28.1,27438
2011-06-03,30.83,30.83,29.04,29.75,10536
2011-06-10,29.7,29.88,27.94,27.95,15765
2011-06-17,27.94,29.4,25.74,26.15,42952
2011-06-24,25.3,25.3,21.16,21.3,48455
2011-07-01,21.22,25.02,21.15,24.95,26874
2011-07-08,25.45,25.45,24.25,24.46,12453
2011-07-15,24.05,24.5,23.7,24.37,4589
2011-07-22,23.47,24.7,23.06,24.55,22363
2011-07-29,24.0,24.11,21.76,21.95,12225
2011-08-05,22.3,22.37,19.0,20.48,53491
2011-08-12,19.5,19.8,17.1,17.18,41181
2011-08-19,17.6,21.9,17.0,19.8,32524
2011-08-26,19.95,20.48,19.32,19.91,14091
2011-09-02,20.55,21.17,19.55,19.63,34696
2011-09-09,18.1,18.8,16.95,17.0,23449
2011-09-16,17.15,18.8,16.76,18.41,28263
2011-09-23,17.55,17.55,14.79,15.29,33421
2011-09-30,15.6,17.5,15.5,16.26,42519
2011-10-07,15.89,16.0,14.64,15.8,17071
2011-10-14,15.66,17.55,15.66,17.4,10218
2011-10-21,17.15,17.15,16.27,17.11,10368
2011-10-28,17.4,21.39,17.4,21.01,50521
2011-11-04,17.15,17.15,14.85,15.11,55379
2011-11-11,15.5,15.55,13.7,14.62,66149
2011-11-18,14.85,14.85,13.2,13.36,168346
2011-11-25,13.14,13.34,12.22,12.71,45779
2011-12-02,13.21,13.64,12.7,13.36,24315
2011-12-09,13.75,13.8,11.8,12.1,45616
2011-12-16,11.75,11.99,11.0,11.0,81821
2011-12-23,10.46,10.715,10.14,10.42,197619
2011-12-30,10.63,10.88,10.06,10.62,42284
2012-01-06,11.96,12.23,9.48,9.65,27355
2012-01-13,9.86,10.86,9.61,9.67,61452
2012-01-20,10.6,11.32,10.27,11.01,12053
2012-01-27,11.63,11.63,10.97,11.17,25361
2012-02-03,10.93,13.12,10.85,12.99,61431
2012-02-10,12.16,12.22,10.03,10.03,41018
2012-02-17,9.59,9.89,9.12,9.79,27049
2012-02-24,10.3,10.6,10.19,10.5,9065
2012-03-02,10.39,10.43,10.11,10.11,29159
2012-03-09,10.4,10.4,9.38,9.84,10596
2012-03-16,9.71,11.35,9.71,11.29,19769
2012-03-23,11.57,11.57,10.17,10.63,19303
2012-03-30,10.74,10.9,10.0,10.18,15715
2012-04-05,9.84,9.98,9.17,9.2,8389
2012-04-13,9.01,9.084,8.54,8.62,43328
2012-04-20,9.67,9.81,8.7,9.43,17849
2012-04-27,9.25,9.32,8.92,9.128,10684
2012-05-04,8.9,9.27,7.62,7.6225,53121
2012-05-11,7.551,7.85,7.38,7.49,29631
2012-05-18,7.34,7.34,6.41,6.41,14655
2012-05-25,6.35,6.71,6.28,6.34,63519
2012-06-01,6.28,6.7225,5.76,5.76,8005
2012-06-08,5.62,5.62,5.27,5.56,20505
2012-06-15,5.41,5.41,4.89,4.976,16423
2012-06-22,4.97,5.28,4.92,5.13,21530
2012-06-29,5.02,5.5525,4.7625,5.55,15211
2012-07-06,5.0125,5.07,4.7,4.7,9824
2012-07-13,4.6,4.65,4.045,4.18,16525
2012-07-20,4.17,4.33,4.12,4.3,11894
2012-07-27,4.1575,4.24,3.99,4.24,20168
2012-08-03,4.28,4.83,4.19,4.47,12917
2012-08-10,4.57,4.86,4.53,4.86,6246
2012-08-17,4.88,5.38,4.69,5.3025,8421
2012-08-24,5.35,5.65,5.27,5.61,29452
2012-08-31,5.67,7.05,5.66,7.0,13443
2012-09-07,8.11,8.21,7.56,7.79,16012
2012-09-14,8.05,8.06,5.83,6.47,96105
2012-09-21,6.92,7.17,6.75,7.17,10804
2012-09-28,7.3,7.84,6.99,6.99,19063
2012-10-05,6.95,6.98,6.05,6.39,14915
2012-10-12,6.52,6.52,5.85,5.97,14807
2012-10-19,5.88,6.0496,5.58,5.58,44082
2012-10-26,5.64,5.83,5.2,5.245,3751
2012-11-02,5.55,5.8,5.43,5.5,2245
2012-11-09,5.51,5.51,4.42,4.53,31462
2012-11-16,4.5,4.5,4.07,4.2,30732
2012-11-23,4.26,4.56,4.07,4.56,11691
2012-11-30,5.3,5.45,4.61,4.79,24986
2012-12-07,5.09,5.43,5.02,5.16,11683
2012-12-14,5.16,5.57,5.16,5.561,38737
2012-12-21,5.51,6.43,5.51,6.31,31971
2012-12-28,6.26,6.261,5.58,5.58,10438
2013-01-04,5.6,6.16,5.57,6.0175,19497
2013-01-11,6.46,7.525,6.17,7.52,20066
2013-01-18,6.99,7.0,6.745,6.88,15155
2013-01-25,6.87,7.01,6.71,6.71,6021
2013-02-01,6.94,6.97,5.98,6.23,11498
2013-02-08,6.22,7.28,6.16,7.1575,28089
2013-02-15,6.93,7.42,6.93,7.2225,5192
2013-02-22,7.12,7.66,7.1,7.15,13548
2013-03-01,7.5,7.5,7.08,7.08,14590
2013-03-08,7.0,7.4425,6.96,7.4425,2493
2013-03-15,7.82,8.3,7.811,8.02,12619
2013-03-22,7.92,8.29,7.82,8.23,23275
2013-03-28,8.41,8.41,7.72,7.72,14326
2013-04-05,7.75,7.75,7.5,7.5,1777
2013-04-12,7.82,8.4,7.73,8.4,4266
2013-04-19,8.28,8.28,7.43,7.65,11803
2013-04-26,7.82,8.3125,7.82,8.3125,5052
2013-05-03,8.475,8.95,8.47,8.81,14917
2013-05-10,9.12,10.65,9.12,10.4,20911
2013-05-17,11.3,12.25,11.26,11.929,24276
2013-05-24,11.71,13.04,11.68,13.0,26621
2013-05-31,14.39,14.95,14.3,14.82,22280
2013-06-07,14.04,14.04,12.73,13.02,12089
2013-06-14,13.33,13.44,12.72,12.79,8443
2013-06-21,13.32,13.5,12.7,12.7,8008
2013-06-28,12.39,14.27,12.25,14.21,10323
2013-07-05,14.09,15.0,13.96,14.9,19366
2013-07-12,15.33,16.54,15.33,16.54,29582
2013-07-19,16.45,17.24,16.06,17.24,37971
2013-07-26,17.9,19.58,17.79,19.205,45302
2013-08-02,19.235,21.76,18.89,21.76,72330
2013-08-09,22.36,22.48,19.57,20.16,43054
2013-08-16,20.2925,20.665,19.63,20.665,14427
2013-08-23,18.9899,20.1162,18.15,20.1162,13848
2013-08-30,19.455,19.455,17.7797,18.66,19707
2013-09-06,19.2,20.76,19.12,20.76,22273
2013-09-13,20.99,22.01,20.99,21.89,51593
2013-09-20,22.18,23.07,22.0,22.91,40851
2013-09-27,22.2985,25.53,22.04,25.15,39460
2013-10-04,24.76,27.25,24.76,27.0864,47624
2013-10-11,26.67,27.2,25.67,27.2,35657
2013-10-18,26.73,28.74,26.59,28.35,20069
2013-10-25,28.59,28.7,26.891,27.01,21495
2013-11-01,26.21,27.61,25.49,27.18,15719
2013-11-08,26.54,30.4,25.9,28.97,55084
2013-11-15,28.38,28.39,27.66,28.1905,10908
2013-11-22,28.7,28.7,27.3038,27.51,7934
2013-11-29,27.92,28.71,27.9,28.6,8359
2013-12-06,28.1899,28.2,25.138,27.1,16914
2013-12-13,27.46,27.51,26.46,26.8928,4850
2013-12-20,27.54,28.91,26.85,28.79,11917
2013-12-27,28.8662,29.7,28.85,29.45,7583
2014-01-03,29.55,32.25,29.53,32.25,18962
2014-01-10,33.57,36.02,33.57,35.58,84453
2014-01-17,35.75,35.92,35.0227,35.0227,22017
2014-01-24,34.9,34.95,32.44,32.45,5824
2014-01-31,31.0399,33.6299,29.98,32.9,65362
2014-02-07,33.32,34.5399,30.25,34.27,17398
2014-02-14,34.6896,36.3,34.65,36.2,24417
2014-02-21,36.27,36.4,35.69,36.13,6207
2014-02-28,36.0,36.2,35.14,36.1196,3512
2014-03-07,34.6,38.52,34.2,37.86,48494
2014-03-14,38.03,38.46,34.9172,34.96,9570
2014-03-21,35.89,37.43,35.89,37.17,11275
2014-03-28,36.95,39.06,35.82,39.03,21091
2014-04-04,40.87,43.29,40.15,42.77,49375
2014-04-11,42.3,43.64,41.33,42.19,35892
2014-04-17,40.6699,41.13,39.77,40.86,12008
2014-04-25,40.85,43.88,40.85,42.031,9580
2014-05-02,42.63,45.0,42.47,44.94,8107
2014-05-09,45.66,48.85,44.7,48.68,47808
2014-05-16,50.5401,50.5896,48.16,48.6,30295
2014-05-23,48.75,51.53,48.47,50.86,16501
2014-05-30,52.23,53.7,52.23,53.57,60842
2014-06-06,53.23,54.9699,51.6801,54.9699,24649
2014-06-13,55.0,55.01,51.5,52.0,19760
2014-06-20,49.72,51.05,48.11,50.93,33244
2014-06-27,50.7,50.83,48.26,48.77,39076
2014-07-03,51.1001,51.13,49.77,50.21,14635
2014-07-11,48.69,49.03,45.1,46.97,37740
2014-07-18,47.22,47.402,45.49,46.04,21024
2014-07-25,45.73,47.24,45.65,46.83,37632
2014-08-01,46.6101,46.6101,44.39,44.392,16149
2014-08-08,45.2794,45.28,42.41,42.95,31843
2014-08-14,44.974,47.5001,44.974,47.0,8623
2014-08-22,48.0499,49.4,45.25,45.31,80159
2014-08-29,45.0,45.25,42.02,42.061,21711
2014-09-05,41.39,42.866,41.0,42.1,12991
2014-09-08,42.0812,42.1,42.01,42.1,0
2014-09-12,41.1795,41.25,40.6901,41.02,5748
2014-09-19,38.8401,40.55,38.63,40.55,6339
2014-09-26,41.41,41.5,39.6392,39.6392,2902
2014-10-03,39.08,39.3058,35.9,36.59,9374
2014-10-10,35.878,35.878,30.45,30.45,64638
2014-10-17,31.48,31.48,29.24,29.24,18025
2014-10-24,31.0425,33.5,31.0425,32.52,9931
2014-10-31,32.32,33.43,32.0001,33.366,9008
2014-11-07,34.71,39.452,33.65,39.37,7434
2014-11-14,38.4399,38.63,37.0,38.61,10131
2014-11-21,38.286,39.88,38.286,39.43,35481
2014-11-28,39.96,40.62,37.0,37.05,5656
2014-12-05,35.69,39.5,35.69,39.27,5020
2014-12-12,39.18,39.18,37.08,37.08,7141
2014-12-19,36.8,37.5,35.3,37.278,7563
2014-12-26,38.4,38.52,37.554,37.8,6541
2015-01-02,37.32,39.0,36.515,38.6453,6518
2015-01-09,38.132,39.8,37.35,37.492,6893
2015-01-16,37.57,37.59,34.92,36.01,16189
2015-01-23,36.69,37.81,36.2,36.95,3788
2015-01-30,38.49,39.3,38.43,38.7722,4684
2015-02-06,40.12,43.389,39.75,42.98,14824
2015-02-13,43.5,44.11,39.84,40.16,6924
2015-02-20,40.61,42.665,40.261,42.4,2635
2015-02-27,42.58,42.58,41.86,42.104,3643
2015-03-06,41.661,41.661,40.27,41.31,3549
2015-03-13,40.2707,40.333,40.22,40.22,684
2015-03-20,40.79,42.1761,40.15,42.1761,2679
2015-03-27,43.024,43.2892,41.81,42.18,5455
2015-04-02,41.95,43.0,41.07,42.8,11661
2015-04-10,43.22,45.39,43.154,44.96,9465
2015-04-17,45.48,45.78,44.78,45.18,11159
2015-04-24,45.05,45.65,44.36,45.25,7927
2015-05-01,45.115,45.68,45.08,45.68,1674
2015-05-08,46.9,49.83,46.9,49.55,10490
2015-05-15,49.49,50.56,49.4,50.5,14507
2015-05-22,50.76,51.2501,50.0,51.05,4494
2015-05-29,50.43,51.15,50.17,51.0,17468
2015-06-05,48.12,50.56,48.08,49.0,36797
2015-06-12,48.92,50.25,48.11,49.32,19892
2015-06-19,47.7,50.36,47.65,48.84,14464
2015-06-26,50.22,51.03,49.6,50.8,10469
2015-07-02,50.07,51.81,49.53,51.24,3370
2015-07-10,49.89,54.13,48.59,53.9,21263
2015-07-17,54.32,55.16,53.87,55.16,13697
2015-07-24,55.02,57.75,54.82,57.39,5146
2015-07-31,56.71,56.77,53.95,54.66,34564
2015-08-07,56.71,56.83,54.65,55.21,11616
2015-08-14,55.71,56.53,54.63,56.53,9903
2015-08-21,55.61,57.75,50.35,50.36,9274
2015-08-28,49.15,54.49,49.15,54.07,32757
2015-09-04,53.73,53.96,52.15,52.15,3584
2015-09-11,52.98,53.88,52.98,53.83,2138
2015-09-18,53.56,53.83,52.75,53.31,4691
2015-09-25,52.73,52.73,49.11,50.55,14530
2015-10-02,49.49,53.15,49.1,53.15,1677
2015-10-09,53.84,58.01,53.79,57.69,8798
2015-10-16,57.0,57.04,55.95,57.02,22496
2015-10-23,56.895,58.0,56.895,57.56,4627
2015-10-30,58.2,58.46,57.67,58.3,5333
2015-11-06,59.15,60.68,56.79,60.09,11680
2015-11-13,60.27,60.88,59.79,60.1,89308
2015-11-20,61.0,62.4,60.96,61.86,12583
2015-11-27,61.8125,64.43,61.36,64.12,5745
2015-12-04,65.18,66.84,64.85,66.8,10998
2015-12-11,66.685,67.5,64.73,64.73,21881
2015-12-18,65.75,70.5,65.75,69.45,26566
2015-12-24,69.83,70.0,69.0,70.0,18573
2015-12-31,70.0,70.97,69.82,70.33,15338
2016-01-08,69.98,69.98,65.37,65.37,27678
2016-01-15,64.91,66.33,59.13,59.25,25838
2016-01-22,63.93,64.62,60.3,62.38,46426
2016-01-29,62.7,65.35,62.44,65.35,9167
2016-02-05,65.57,65.57,62.55,62.79,17565
2016-02-12,58.64,64.9,56.15,62.02,17508
2016-02-19,64.28,66.95,64.28,65.75,7324
2016-02-26,66.67,68.86,66.0,67.38,3578
2016-03-04,67.79,69.71,67.55,68.65,12180
2016-03-11,67.11,67.8,65.15,67.59,6334
2016-03-18,67.96,71.62,67.2,70.58,36964
2016-03-24,69.505,70.29,69.3,69.3,19000
2016-04-01,69.11,71.79,68.13,70.39,5095
2016-04-08,70.75,70.75,68.64,70.53,12810
2016-04-15,69.775,69.775,68.1,68.1,6941
2016-04-22,67.34,69.05,65.6,65.85,9435
2016-04-29,65.18,71.7,65.0,71.18,12958
2016-05-06,70.47,70.47,67.06,67.3,4126
2016-05-13,69.53,69.964,67.85,67.85,6226
2016-05-20,68.0,68.58,66.21,66.49,6706
2016-05-27,66.45,71.45,66.45,71.45,3399
2016-06-03,71.46,72.5,70.24,72.5,8978
2016-06-10,72.11,72.57,67.7,67.8,3509
2016-06-17,66.85,66.85,63.44,66.72,8081
2016-06-24,68.68,71.04,64.19,64.19,11728
2016-07-01,61.73,68.78,61.73,68.78,16561
2016-07-08,66.2375,66.2375,64.84,65.69,6436
2016-07-15,67.25,68.19,66.608,66.9,3683
2016-07-22,66.8,67.99,66.55,67.08,12399
2016-07-29,66.81,69.75,66.81,69.35,4806
2016-08-05,69.495,70.93,68.41,70.62,5210
2016-08-12,70.87,73.65,70.87,73.65,5782
2016-08-19,74.38,82.36,73.5442,82.2346,22264
2016-08-26,83.54,86.32,83.01,83.12,24351
2016-09-02,82.72,84.2,82.72,84.2,9910
2016-09-09,84.82,85.652,82.65,82.65,18375
2016-09-16,82.13,83.47,82.0,82.2,5873
2016-09-23,83.274,84.392,82.45,82.75,3762
2016-09-30,82.7,82.7,81.14,82.55,10727
2016-10-07,82.67,84.5,82.67,83.76,2863
2016-10-14,83.76,83.76,76.55,78.271,31866
2016-10-21,78.75,80.34,78.54,79.795,3207
2016-10-28,79.998,80.0,79.08,79.13,2987
2016-11-04,79.89,80.18,74.24,74.6,11459
2016-11-11,76.5,76.8618,62.12,62.85,73072
2016-11-18,63.0,63.67,62.21,62.752,11243
2016-11-25,63.2,66.4984,61.46,66.4984,27240
2016-12-02,67.5,67.608,62.606,62.606,8247
2016-12-09,63.02,63.46,55.95,56.25,112664
2016-12-16,56.58,60.6,56.58,60.3208,15142
2016-12-23,60.42,62.15,59.74,61.84,7651
2016-12-30,61.84,65.2675,61.84,65.2675,3711
2017-01-06,67.36,67.66,65.35,67.47,8467
2017-01-13,67.47,68.1,67.326,67.758,8093
2017-01-20,68.16,68.38,67.216,67.26,2403
2017-01-27,67.4611,69.8599,67.19,69.8599,4376
2017-02-03,69.086,73.65,68.99,73.65,357654
2017-02-10,73.65,73.65,70.87,71.85,1440000
2017-02-17,71.85,73.99,71.85,73.99,350000
2017-02-24,74.0,75.5,73.96,74.06,420000
2017-03-03,73.6,74.79,73.6,74.13,340000
2017-03-10,74.34,75.19,74.0,75.0,440000
2017-03-17,75.55,76.1,75.08,76.0,490000
2017-03-24,77.35,80.1,76.57,80.1,860000
2017-03-31,80.35,82.0,79.0,81.96,1320000
2017-04-07,81.4,82.4,80.27,80.51,108118
2017-04-13,80.7,82.41,80.7,81.25,7728
2017-04-21,81.74,83.98,81.74,82.55,15494
2017-04-28,84.95,86.06,84.5,86.06,10381
2017-05-05,86.5,92.1,85.96,92.1,11129
2017-05-12,90.75,91.25,89.8,91.1,10159
2017-05-19,91.1,91.1,88.21,90.5,4754
2017-05-26,91.37,91.57,89.91,90.4,3913
2017-06-02,88.43,89.0,86.65,87.0,17917
2017-06-09,87.25,92.5,87.0,92.25,12040
2017-06-16,92.0,93.31,89.3201,90.058,5538
2017-06-23,89.41,89.41,87.765,88.56,3998
2017-06-30,87.5,92.2,87.5,92.2,3340
2017-07-07,92.2,94.34,92.2,94.34,438
2017-07-14,94.89,95.2,93.3,95.2,18025
2017-07-21,95.49,96.3999,95.1,95.1,3051
2017-07-28,95.1,98.63,95.1,95.8,4333
2017-08-04,98.03,98.03,93.57,94.71,15189
2017-08-11,95.6,97.17,95.45,96.25,12832
2017-08-18,96.88,97.99,90.19,92.84,9201
2017-08-25,92.84,92.84,89.67,90.83,2757
2017-09-01,90.83,92.13,89.52,91.63,2467
2017-09-08,92.0,92.3,90.75,91.35,11872
2017-09-15,92.11,92.11,87.43,87.43,73664
2017-09-22,89.34,90.4,89.32,90.05,4004
2017-09-29,88.04,90.85,86.53,90.35,5793
2017-10-06,88.67,90.3,87.38,88.78,6810
2017-10-13,89.05,91.56,89.05,90.96,3196
2017-10-20,88.28,88.28,85.0,85.46,5379
2017-10-27,85.46,87.18,84.73,86.67,6118
2017-11-03,88.43,89.05,80.39,80.76,5491
2017-11-10,81.87,81.87,64.64,65.03,59555
2017-11-17,64.12,66.88,62.74,65.89,27024
2017-11-24,63.82,63.82,58.39,59.11,22204
2017-12-01,58.24,64.23,57.51,61.93,12708
2017-12-08,58.99,63.48,58.01,63.27,100989
2017-12-15,63.37,67.24,62.18,66.55,21260
2017-12-22,69.43,69.55,67.72,68.82,21348
2017-12-29,68.93,70.71,68.93,69.21,29718
2018-01-05,71.34,71.75,68.4,69.31,14224
2018-01-12,70.83,70.83,67.57,69.64,5243
2018-01-19,72.59,72.87,71.71,72.6,9502
2018-01-26,71.65,72.82,67.93,68.41,12954
2018-02-02,66.94,69.59,66.02,66.96,8809
2018-02-09,66.71,70.98,65.06,70.8,23165
2018-02-16,71.13,72.34,70.47,71.36,4631
2018-02-23,73.82,74.32,72.97,72.98,2680
2018-03-02,73.75,74.35,71.0,71.45,5220
2018-03-09,71.16,72.71,71.16,71.41,4446
2018-03-16,71.41,72.92,70.6,70.6,2514
2018-03-23,71.55,73.36,71.55,72.79,3621
2018-03-29,73.2,73.95,70.78,71.92,15197
2018-04-06,71.5,73.5,70.0,71.62,7242
2018-04-13,72.24,72.25,68.14,68.8,28416
2018-04-20,69.45,69.7,67.53,68.15,5827
2018-04-27,67.76,68.1,66.53,66.7,13423
2018-05-04,65.19,67.33,64.52,67.33,7347
2018-05-11,68.48,71.05,68.13,71.05,5679
2018-05-18,70.08,71.5,69.12,71.26,12615
2018-05-25,71.67,71.67,67.18,67.29,6953
2018-06-01,64.31,65.52,63.83,65.52,6941
2018-06-08,65.9,66.18,64.25,64.25,8184
2018-06-15,64.99,66.15,64.65,65.3,8117
2018-06-22,64.75,65.19,63.0,63.42,12468
2018-06-29,63.45,63.66,59.73,61.74,15915
2018-07-06,60.34,61.6,59.8,61.55,2734
2018-07-13,61.8,62.5,60.75,61.0,11141
2018-07-20,61.0,65.86,61.0,65.86,4622
2018-07-27,65.09,65.99,62.85,63.3,3937
2018-08-03,63.97,64.55,62.7,62.88,5304
2018-08-10,62.6,64.1,62.09,62.09,1833
2018-08-17,61.45,62.91,59.75,62.85,6835
2018-08-24,62.85,68.17,62.85,67.85,6945
2018-08-31,69.25,72.1,69.25,69.37,9780
2018-09-07,66.45,67.37,66.36,67.37,3114
2018-09-14,67.95,68.3,64.76,65.2,7741
2018-09-21,65.1,66.97,65.1,66.45,3653
2018-09-28,68.44,68.59,67.16,67.52,13700
2018-10-05,66.09,66.09,61.47,61.6,3438
2018-10-12,61.31,62.19,60.77,62.19,7027
2018-10-19,63.16,65.35,63.16,63.93,2779
2018-10-26,64.0,64.0,62.35,62.8,8990
2018-11-02,64.6,64.79,61.21,62.62,1676
2018-11-09,61.72,74.74,61.45,74.2,18582
2018-11-16,72.31,72.63,70.5,71.15,8636
2018-11-23,70.15,71.5,69.48,71.2866,3038
2018-11-30,72.9,75.42,72.9,74.65,10791
2018-12-07,77.21,77.25,74.75,75.7,6806
2018-12-14,74.32,80.15,74.29,79.19,12260
2018-12-21,79.01,79.15,75.35,76.0,5003
2018-12-28,75.51,76.06,74.31,75.7,6279
2019-01-04,75.59,76.075,75.0,75.79,2317
2019-01-11,75.82,79.05,75.82,77.23,5596
2019-01-18,77.25,78.85,77.25,78.85,3910
2019-01-25,78.85,79.5,77.71,79.36,2375
2019-02-01,78.39,83.52,78.39,83.16,11746
2019-02-08,81.88,81.9,76.39,78.3,3470
2019-02-15,80.8,84.77,80.8,83.65,6108
2019-02-22,83.92,84.24,83.12,83.25,5674
2019-03-01,83.345,84.05,83.08,83.45,3506
2019-03-08,82.11,82.25,81.35,81.6,1776
2019-03-15,79.55,85.9,79.55,85.9,8070
2019-03-22,85.37,87.11,82.44,82.44,4619
2019-03-29,81.36,84.25,81.36,84.25,8828
2019-04-05,86.48,89.3,86.48,88.7,7518
2019-04-12,89.33,89.88,89.33,89.7,4309
2019-04-18,90.59,91.45,90.01,91.1,3595
2019-04-26,90.35,92.14,90.3428,90.3428,5233
2019-05-03,90.74,90.85,87.94,88.5,2941
2019-05-10,87.09,88.15,84.16,86.6,6667
2019-05-17,82.0,83.97,81.8,83.35,6018
2019-05-24,83.35,85.1,82.17,83.47,4882
2019-05-31,83.47,83.47,81.5,81.5,1283
2019-06-07,81.5,82.604,80.5,80.91,4298
2019-06-14,82.65,85.64,82.65,85.48,5904
2019-06-21,86.13,89.82,86.13,89.59,7999
2019-06-28,90.1,90.25,85.91,85.91,11533
2019-07-05,88.82,89.87,87.6,87.66,2595
2019-07-12,87.66,89.55,87.66,88.31,4811
2019-07-19,88.32,89.07,88.09,89.03,6017
2019-07-26,88.34,88.71,87.5,87.5,4957
2019-08-02,87.84,88.0,81.5,82.49,5894
2019-08-09,80.49,83.72,80.0,82.54,3239
2019-08-16,80.74,80.74,74.72,74.72,6987
2019-08-23,75.11,80.0,75.11,78.99,7740
2019-08-30,78.99,78.99,72.32,73.7,14026
2019-09-06,73.7,75.16,73.7,74.47,10072
2019-09-13,77.23,82.9,77.23,82.41,12999
2019-09-20,80.5,83.67,80.5,81.4,2887
2019-09-27,80.0,81.31,79.88,81.31,2659
2019-10-04,77.97,78.2,75.54,77.87,6649
2019-10-11,77.7,79.75,76.25,79.75,7821
2019-10-18,79.5,80.05,77.37,78.78,10124
2019-10-25,80.37,80.76,79.74,80.76,2242
2019-11-01,82.22,84.55,79.88,83.04,2478
2019-11-08,83.04,91.87,80.96,91.57,7727
2019-11-15,92.69,95.47,92.12,95.27,12847
2019-11-22,94.21,94.8,93.74,93.74,6353
2019-11-29,95.04,95.74,94.15,95.74,1581
2019-12-06,97.34,98.84,96.54,98.84,4465
2019-12-13,98.35,102.0,97.3,102.0,12839
2019-12-20,102.0,103.05,99.65,99.65,7970
2019-12-27,99.54,100.25,98.88,99.44,1044
2020-01-03,101.11,101.31,97.16,97.16,1937
2020-01-10,97.04,97.45,94.56,94.56,5547
2020-01-17,94.61,98.0,94.18,98.0,14473
2020-01-24,99.01,99.01,97.11,98.57,4667
2020-01-31,97.0,101.22,96.8,99.26,5223
2020-02-07,99.26,106.76,99.26,105.08,15974
2020-02-14,103.8,105.61,100.0,101.05,8798
2020-02-21,100.65,103.2,100.65,103.2,695
2020-02-28,99.38,99.91,94.86,96.0,8072
2020-03-06,98.02,105.75,97.54,101.48,9614
2020-03-13,96.25,98.75,80.19,83.25,9782
2020-03-20,74.0,80.0,68.64,71.36,20152
2020-03-27,69.29,84.0,68.94,82.5,10576
2020-04-03,80.51,82.99,79.0,82.58,4257
2020-04-09,83.5,86.8,79.2,85.07,4838
2020-04-17,85.07,88.77,82.0,82.0,5222
2020-04-24,85.05,85.05,80.65,80.65,7606
2020-05-01,82.98,87.65,82.3,84.42,8437
2020-05-08,84.05,88.09,83.0,87.0,9551
2020-05-15,86.62,89.5,86.62,88.08,14989
2020-05-22,92.04,92.9,91.25,92.65,2599
2020-05-29,98.87,102.69,96.86,102.1,3118
2020-06-05,102.55,109.35,102.55,105.95,7611
2020-06-12,106.35,110.0,99.4,100.51,10161
2020-06-19,100.6,103.45,99.05,99.46,4683
2020-06-26,101.5,104.5,99.9,99.9,3412
2020-07-02,100.75,102.6,100.75,102.6,2342
2020-07-10,106.8,115.6,106.8,113.0,15530
2020-07-17,114.03,123.0,111.64,122.66,10707
2020-07-24,128.3,135.0,125.91,131.2,7881
2020-07-31,131.2,131.2,126.3,127.95,6073
2020-08-07,127.95,134.05,127.95,134.05,1912
2020-08-14,132.75,148.8,132.75,146.99,5359
2020-08-21,148.6,149.15,144.11,145.99,4787
2020-08-28,150.998,153.2,149.6,151.75,3711
2020-09-04,151.2,156.4,145.0,149.59,6336
2020-09-11,143.8,152.5,143.8,149.5,4068
2020-09-18,150.0,154.35,150.0,154.35,2973
2020-09-25,151.04,153.0,149.7,150.3,2856
2020-10-02,151.6,166.03,151.6,165.7,14608
2020-10-09,169.041,177.0,167.65,172.14,12707
2020-10-16,172.14,183.5,172.14,178.5,8434
2020-10-23,179.0,179.0,167.66,167.66,7716
2020-10-30,167.66,171.45,160.15,171.45,5874
2020-11-06,167.0,184.15,167.0,184.15,8567
2020-11-13,179.775,188.45,178.48,186.9,12646
2020-11-20,185.45,198.25,182.58,196.45,11878
2020-11-27,195.75,197.0,188.8,191.45,4012
2020-12-04,203.0,206.9,194.43,198.51,8427
2020-12-11,200.8,204.0,196.55,204.0,6230
2020-12-18,206.0,220.79,203.7312,219.8,12366
2020-12-24,219.8,229.95,219.6132,229.0,5812
2020-12-31,246.5,246.5,234.31,234.35,9764
2021-01-08,243.4,261.61,239.2133,255.8,16020
2021-01-15,245.8,251.49,220.22,223.0,26590
2021-01-22,224.5,245.0,224.5,240.38,11653
2021-01-29,238.74,240.0,210.6,214.7475,20576
2021-02-05,215.0,222.0,215.0,217.5,9127
2021-02-12,213.62,217.7,198.85,212.0,25822
2021-02-19,221.08,224.05,209.5,210.2,8630
2021-02-26,202.65,205.34,183.5,194.75,9375
2021-03-05,190.31,190.31,164.38,166.4,16859
2021-03-12,169.31,192.88,167.11,186.95,18415
2021-03-19,187.0,188.0,173.21,177.44,12004
2021-03-26,183.45,188.75,175.15,187.62,6806
2021-04-01,192.225,211.71,190.96,208.75,9362
2021-04-09,211.75,211.75,194.5,200.0,8711
2021-04-16,195.95,201.5,188.25,201.5,31810
2021-04-23,199.75,216.19,190.26,213.1,17276
2021-04-30,217.0,218.69,41.04,41.04,29476
2021-05-07,40.358,42.41,35.59,40.74,153312
2021-05-14,39.65,39.65,35.0,36.54,24666
2021-05-21,36.2,40.025,35.99,39.4,64966
2021-05-28,37.2,40.25,37.2,39.1,49603
2021-06-04,40.25,40.25,35.45,37.21,26107
2021-06-11,36.95,37.51,33.9,35.4,34765
2021-06-18,36.3,38.85,35.3142,36.15,72178
2021-06-25,37.925,39.0,35.37,38.2125,16902
2021-07-02,38.79,41.53,36.8,39.025,39438
2021-07-09,41.079,41.349,37.3,37.5,18361
2021-07-16,40.001,40.4,35.91,36.1075,59283
2021-07-23,35.9,40.0,34.94,38.05,19425
2021-07-30,37.775,38.25,35.59,37.69,27156
2021-08-06,38.7237,40.2805,37.05,39.75,13098
2021-08-13,41.5135,41.5135,36.15,39.0,19684
2021-08-20,38.0,41.264,35.925,39.97,13010
2021-08-27,39.925,41.7,38.05,41.34,74228
2021-09-03,42.15,43.2,38.5,41.75,116395
2021-09-10,41.24,42.67,38.9759,39.75,8454
2021-09-17,41.4739,42.12,38.82,38.961,10802
2021-09-24,38.9,42.54,38.13,41.55,13848
2021-10-01,40.0,42.45,38.501,38.7825,17435
2021-10-08,37.45,37.65,34.4101,34.74,65660
2021-10-15,34.83,39.49,34.2,39.215,19714
2021-10-22,39.28,43.7021,38.7,43.15,20762
2021-10-29,42.0224,44.38,41.71,43.37,20248
2021-11-05,43.53,43.72,32.51,32.7104,68448
2021-11-12,33.93,36.78,33.93,36.71,40146
2021-11-19,36.27,36.38,34.2225,34.665,51578
2021-11-26,32.94,34.289,31.77,33.929,39872
2021-12-03,34.23,34.23,30.5,30.5575,32371
2021-12-10,30.74,33.19,30.6,31.15,50090
2021-12-17,31.4851,31.49,28.65,29.475,60425
2021-12-23,28.895,30.11,28.4,29.96,40303
2021-12-31,30.0,30.9,29.245,29.8,38095
2022-01-07,29.76,30.5,27.79,27.97,44410
2022-01-14,28.1325,30.09,27.41,28.1395,76327
2022-01-21,28.14,30.0,26.6315,27.085,62319
2022-01-28,25.45,27.35,25.13,25.63,66809
2022-02-04,26.5721,26.9575,25.485,25.7325,24032
2022-02-11,25.5154,26.8518,24.44,24.7,110243
2022-02-18,24.92,27.47,24.38,25.44,39792
2022-02-25,25.69,29.26,24.36,28.3985,32797
2022-03-04,32.65,33.57,28.14,28.14,28945
2022-03-11,31.2201,36.0,30.68,30.975,60754
2022-03-18,30.48,32.0025,28.9605,31.75,198200
2022-03-25,30.44,30.87,28.0,28.73,35346
2022-04-01,28.2,31.29,27.28,30.8,18913
2022-04-08,30.2007,33.09,29.49,31.08,13021
2022-04-14,31.2312,31.445,28.92,29.1125,10899
2022-04-22,28.74,30.62,27.9,27.9,20361
2022-04-29,27.27,27.74,24.68,25.66,27085
2022-05-06,24.0199,25.47,23.27,23.75,15180
2022-05-13,22.3967,22.4,19.9901,21.02,44055
2022-05-20,20.8501,22.92,20.85,22.065,108122
2022-05-27,23.13,25.35,23.13,24.86,59112
2022-06-03,26.34,26.34,24.73,25.1,13432
2022-06-10,25.9754,26.8225,24.5175,24.5175,18514
2022-06-17,24.26,24.26,22.171,22.171,22976
2022-06-24,24.2025,25.3225,23.1,23.19,48798
2022-07-01,23.5926,24.84,20.77,21.5125,34708
2022-07-08,21.29,23.535,21.29,23.315,10300
2022-07-15,23.8501,24.17,21.6,22.0125,11700
2022-07-22,22.49,24.39,22.42,24.305,14842
2022-07-29,24.035,26.27,21.53,26.16,53342
2022-08-05,25.83,27.0395,24.92,25.9,30360
2022-08-12,26.3545,28.02,25.0,26.86,23009
2022-08-19,26.6099,26.87,25.33,25.33,18393
2022-08-26,24.8701,26.94,24.85,25.22,19082
2022-09-02,25.96,25.96,23.28,24.2975,15273
2022-09-09,24.3,25.17,22.3752,24.515,21475
2022-09-16,24.86,25.71,21.495,22.07,9310
2022-09-23,21.5,21.63,19.39,20.3148,16149
2022-09-30,19.18,19.96,18.06,18.5425,23770
2022-10-07,18.34,20.595,17.8972,17.8972,15708
2022-10-14,18.0149,18.7799,17.08,18.24,44573
2022-10-21,18.4775,19.21,17.5309,18.34,30664
2022-10-28,18.84,20.6019,18.54,19.4975,15607
2022-11-04,19.39,21.33,19.39,20.31,36082
2022-11-11,20.97,26.07,20.97,25.25,52249
2022-11-18,24.8,25.4325,22.99,23.73,118039
2022-11-25,23.23,25.0,23.135,24.9579,51563
2022-12-02,24.74,26.1,24.1,26.1,39020
2022-12-09,27.2499,28.78,25.71,28.685,26184
2022-12-16,28.69,29.7,27.4,27.695,27735
2022-12-23,28.225,28.43,26.98,28.06,16707
2022-12-30,28.6178,29.45,28.2501,28.88,39147
2023-01-06,28.47,29.17,27.3575,28.855,11200
2023-01-13,29.7,31.61,28.3901,31.32,82204
2023-01-20,30.73,31.3175,29.0332,29.535,14090
2023-01-27,29.22,29.7675,27.8001,28.2,47773
2023-02-03,28.06,30.3,28.06,29.07,99284
2023-02-10,28.7,31.1775,28.54,30.6275,47007
2023-02-17,30.04,30.66,29.265,29.495,10605
2023-02-24,29.38,29.38,27.99,28.16,35631
2023-03-03,28.25,29.915,28.05,28.88,8110
2023-03-10,29.37,30.11,28.74,28.92,33001
2023-03-17,28.14,30.41,27.0,27.245,22223
2023-03-24,28.005,29.1825,26.8,26.9475,11660
2023-03-31,27.4125,29.0975,26.81,28.962,14913
2023-04-06,29.44,29.7172,28.33,28.815,32486
2023-04-14,29.5099,29.863,27.99,28.645,9739
2023-04-21,28.32,28.535,26.86,27.65,11017
2023-04-28,27.8326,28.0775,26.35,27.5925,27750
2023-05-05,28.2702,28.445,27.19,28.445,8248
2023-05-12,28.52,30.01,28.19,29.7,23199
2023-05-19,30.4801,30.81,29.3001,29.7675,10798
2023-05-26,30.105,30.3375,28.5039,28.73,9402
2023-06-02,29.1231,29.5275,28.11,29.374,10711
2023-06-09,28.71,29.8925,28.525,28.6125,15436
2023-06-16,28.452,28.51,27.6775,28.315,10074
2023-06-23,27.765,28.4475,26.0,26.2625,8533
2023-06-30,26.63,26.85,25.9025,26.49,38608
2023-07-07,25.97,26.54,25.5634,26.25,9147
2023-07-14,26.05,28.175,25.62,27.6175,9319
2023-07-21,27.444,28.65,27.24,27.79,8853
2023-07-28,27.97,28.61,26.45,26.6,16625
2023-08-04,26.964,27.33,25.98,26.385,9110
2023-08-11,26.08,26.635,24.29,24.51,10701
2023-08-18,24.21,24.54,22.5,22.725,31708
2023-08-25,22.34,23.905,22.34,23.89,53803
2023-09-01,23.77,24.7625,22.9525,23.6925,17653
2023-09-08,22.93,22.93,20.92,21.005,23512
2023-09-15,20.8799,22.6975,20.4,22.165,41068
2023-09-22,22.4125,22.8575,21.84,21.915,19012
2023-09-29,21.66,21.7725,20.33,21.21,22691
2023-10-06,20.78,20.785,18.81,19.44,17366
2023-10-13,19.4901,21.34,19.4901,20.7025,111587
2023-10-20,20.7599,20.76,19.72,20.34,66960
2023-10-27,19.82,22.455,19.82,21.655,28658
2023-11-03,21.32,23.5475,20.8975,22.944,19826
2023-11-10,23.1807,24.745,22.41,24.06,16368
2023-11-17,24.0375,25.915,23.975,25.63,14625
2023-11-24,26.2,26.65,25.0125,25.21,116263
2023-12-01,25.63,27.77,25.57,27.455,27087
2023-12-08,27.145,27.7,26.79,27.23,15584
2023-12-15,26.865,28.835,26.03,28.265,70575
2023-12-22,28.345,29.755,28.01,29.385,9765
2023-12-29,29.69,32.15,29.38,31.725,15488
2024-01-05,31.1099,31.11,29.54,29.62,14929
2024-01-12,30.22,30.57,29.2721,29.3025,9341
2024-01-19,28.4399,28.515,27.11,27.31,15041
2024-01-26,27.6201,29.19,27.6201,28.9,12474
2024-02-02,28.685,29.0,27.79,27.94,11458
2024-02-09,27.1001,29.15,26.6,27.892,8898
2024-02-16,28.113,28.125,26.98,27.245,11682
2024-02-23,26.8,26.8,25.6329,25.732,7931
2024-03-01,26.02,28.79,26.02,28.755,14619
2024-03-08,28.8599,29.0,28.18,28.4419,69191
2024-03-15,28.31,28.95,27.3,27.42,17103
2024-03-22,28.2299,29.4599,27.73,29.115,33184
2024-03-28,28.91,29.165,27.1174,27.575,13327
2024-04-05,28.0,28.0,26.01,26.28,13100
2024-04-12,26.88,27.5,25.39,25.536,15529
2024-04-19,25.9699,25.9699,24.8901,25.465,141883
2024-04-26,25.84,26.9799,25.5725,26.01,14309
2024-05-03,26.5917,27.3,24.9,26.245,6618
2024-05-10,26.7999,27.9,26.05,27.1,39619
2024-05-17,27.6,29.2475,27.54,28.025,18611
2024-05-24,29.0,29.0,27.35,27.5325,84043
2024-05-31,29.3801,29.69,27.75,27.905,9052
2024-06-07,28.45,28.85,27.12,27.12,5174
2024-06-14,25.89,27.66,25.89,26.27,16561
2024-06-21,25.59,25.99,24.99,25.2975,11163
2024-06-28,25.82,26.05,22.91,22.91,15639
2024-07-05,23.8299,24.12,22.7,23.82,10395
2024-07-12,23.98,24.7425,23.03,24.63,6498
2024-07-19,23.7899,23.7899,22.1,23.0875,22275
2024-07-26,23.17,23.6175,21.5501,23.24,20727
2024-08-02,23.7725,25.0,23.56,24.175,9406
2024-08-09,23.2199,24.7775,22.51,24.175,15253
2024-08-16,23.08,23.6536,22.25,23.49,10675
2024-08-23,23.97,24.0,22.69,23.2,314452
2024-08-30,23.07,23.07,22.435,22.965,14371
2024-09-06,22.805,22.9,21.36,21.5225,6324
2024-09-13,21.994,24.23,21.7845,24.23,8772
2024-09-20,23.73,24.5,23.34,23.685,10717
2024-09-27,23.39,23.98,22.365,22.45,209018
2024-10-04,21.73,22.19,20.14,20.29,50120
2024-10-11,20.445,20.815,19.59,19.9717,11468
2024-10-18,19.58,19.58,18.13,18.9775,21112
2024-10-25,19.05,19.14,18.17,19.055,14765
2024-11-01,18.94,19.54,18.36,19.295,13503
2024-11-08,19.7,19.997,14.78,15.09,78120
2024-11-15,15.0299,15.0625,13.92,14.685,482316
2024-11-22,14.3899,14.3899,13.5625,13.7675,65740
2024-11-29,14.2901,15.59,13.9775,15.52,54821
2024-12-06,15.54,15.73,13.4,13.7725,51191
2024-12-13,14.13,14.54,13.2725,13.375,53459
2024-12-20,13.0755,13.7925,12.9701,13.275,44343
2024-12-27,13.4901,14.02,13.29,13.8,38362
2025-01-03,13.8,14.7,13.34,14.56,54419
2025-01-10,14.39,14.75,12.57,13.045,38745
2025-01-17,12.6,13.905,12.6,13.08,24172
2025-01-24,13.3899,13.9,12.68,13.59,52033
2025-01-31,13.476,14.2079,13.05,13.755,22711
2025-02-07,12.77,15.24,12.77,14.63,29294
2025-02-14,14.33,14.7099,13.6,13.8175,25246
2025-02-21,13.748,14.05,13.25,13.81,12584
2025-02-28,14.05,14.815,13.75,13.86,46693
2025-03-07,14.34,15.575,13.5,14.63,34359
2025-03-14,14.75,16.2,14.75,15.44,30398
2025-03-21,16.115,17.3,15.51,15.8202,20869
2025-03-28,15.5,15.6,14.14,14.14,36659
2025-04-04,13.805,14.764,12.56,12.56,8146
2025-04-09,12.57,13.3,12.1,12.81,28124
